Species,Reactor,Age,Relative_abundance,Jaccard_dissimilarity_SpeciesExcluded_B02,Jaccard_dissimilarity_SpeciesIncluded_B02,Jaccard_dissimilarity_SpeciesExcluded_Signif_B02,Jaccard_dissimilarity_SpeciesIncluded_Signif_B02,JACCDIFF_B02,Jaccard_dissimilarity_SpeciesExcluded_B06,Jaccard_dissimilarity_SpeciesIncluded_B06,Jaccard_dissimilarity_SpeciesExcluded_Signif_B06,Jaccard_dissimilarity_SpeciesIncluded_Signif_B06,JACCDIFF_B06,Jaccard_dissimilarity_SpeciesExcluded_B11,Jaccard_dissimilarity_SpeciesIncluded_B11,Jaccard_dissimilarity_SpeciesExcluded_Signif_B11,Jaccard_dissimilarity_SpeciesIncluded_Signif_B11,JACCDIFF_B11,Jaccard_dissimilarity_SpeciesExcluded_Maternal,Jaccard_dissimilarity_SpeciesIncluded_Maternal,Jaccard_dissimilarity_SpeciesExcluded_Signif_Maternal,Jaccard_dissimilarity_SpeciesIncluded_Signif_Maternal,JACCDIFF_Maternal
s__.Collinsella._massiliensis,reactor-species,M,,,,,,,,,,,,,,,,,0.581142487278228,0.477111670609928,0.581142487278228,0.477111670609928,-0.1040308166683
s__Acidaminococcus_intestini,non_reactive,M,0.000911049760256732,,,,,,,,,,,,,,,,0.541001359175725,0.38598904017861,,,-0.155012318997115
s__Acinetobacter_guillouiae,non_reactive,B-02,0.000156330901213272,0.683748445154997,0.39622641509434,,,-0.287522030060657,,,,,,,,,,,,,,,
s__Actinobaculum_massiliense,non_reactive,B-02,0.0000352223734134825,0.655454943822925,0.697674418604651,,,0.0422194747817259,,,,,,,,,,,,,,,
s__Actinomyces_graevenitzii,non_reactive,B-02,0.0000289041564143197,0.702988966493093,0.534994988481651,,,-0.167993978011442,,,,,,,,,,,,,,,
s__Actinomyces_graevenitzii,non_reactive,B-11,0.000156346483127987,,,,,,,,,,,0.635160449336014,0.585044386735528,,,-0.050116062600486,,,,,
s__Actinomyces_graevenitzii,reactor-species,M,0.0000472817917516124,,,,,,,,,,,,,,,,0.489858353415636,0.559594454999994,0.489858353415636,0.559594454999994,0.0697361015843581
s__Actinomyces_naeslundii,reactor-species,M,0.0000323970389955732,,,,,,,,,,,,,,,,0.548260278356877,0.486826677014449,0.548260278356877,0.486826677014449,-0.061433601342428
s__Actinomyces_odontolyticus,non_reactive,B-02,0.000260255452708399,0.674630662345727,0.653623429616092,,,-0.021007232729635,,,,,,,,,,,,,,,
s__Actinomyces_odontolyticus,non_reactive,B-06,0.000237441524397921,,,,,,0.736493381346544,0.674023239769149,,,-0.0624701415773949,,,,,,,,,,
s__Actinomyces_odontolyticus,non_reactive,B-11,0.000159874229796948,,,,,,,,,,,,0.604371369473994,,0.604371369473994,,,,,,
s__Actinomyces_odontolyticus,reactor-species,M,0.000132996008213842,,,,,,,,,,,,,,,,0.5,0.526086258672288,0.5,0.526086258672288,0.026086258672288
s__Actinomyces_oris,reactor-species,M,0.0000857004055109369,,,,,,,,,,,,,,,,0.606022331089041,0.498366519634597,0.606022331089041,0.498366519634597,-0.107655811454444
s__Actinomyces_radingae,non_reactive,B-02,0.00029096401095255,0.662841345065193,0.72093023255814,,,0.0580888874929471,,,,,,,,,,,,,,,
s__Actinomyces_radingae,non_reactive,B-06,0.0000576496636640706,,,,,,0.69492168711688,0.706735033949717,,,0.0118133468328371,,,,,,,,,,
s__Actinomyces_sp_HMSC035G02,non_reactive,B-02,0.000350469923010502,0.695601496132643,0.604875517229969,,,-0.090725978902674,,,,,,,,,,,,,,,
s__Actinomyces_sp_HMSC035G02,non_reactive,B-06,0.000200716104905481,,,,,,0.781103783707881,0.656661548598603,,,-0.124442235109278,,,,,,,,,,
s__Actinomyces_sp_HMSC035G02,non_reactive,M,0.0000424099786830038,,,,,,,,,,,,,,,,0.506789075996506,0.528830825542871,,,0.022041749546365
s__Actinomyces_sp_HPA0247,non_reactive,B-06,0.000422723829290254,,,,,,0.696060105838841,0.700094541269408,,,0.00403443543056692,,,,,,,,,,
s__Actinomyces_sp_HPA0247,non_reactive,B-11,0.000176187157033433,,,,,,,,,,,0.610493059260171,0.576802775247183,,,-0.0336902840129879,,,,,
s__Actinomyces_sp_HPA0247,reactor-species,M,0.0000548570985358272,,,,,,,,,,,,,,,,0.534826631486147,0.509354451435235,0.534826631486147,0.509354451435235,-0.025472180050912
s__Actinomyces_sp_ICM47,non_reactive,B-06,0.0000624416910288641,,,,,,0.705642588908716,0.616931267064302,,,-0.088711321844414,,,,,,,,,,
s__Actinomyces_sp_ICM47,reactor-species,B-11,0.000444818103216895,,,,,,,,,,,0.637824309167271,0.582953922450624,0.637824309167271,0.582953922450624,-0.0548703867166469,,,,,
s__Actinomyces_sp_ICM47,reactor-species,M,0.00036376319336871,,,,,,,,,,,,,,,,0.52375684824984,0.522745562721755,0.52375684824984,0.522745562721755,-0.00101128552808505
s__Actinomyces_sp_oral_taxon_181,non_reactive,B-06,0.000107729781153762,,,,,,0.728699865225323,0.657355758707743,,,-0.0713441065175801,,,,,,,,,,
s__Actinomyces_urogenitalis,non_reactive,B-02,0.00397794717419712,0.693134517026801,0.498224074692629,,,-0.194910442334172,,,,,,,,,,,,,,,
s__Actinomyces_urogenitalis,non_reactive,B-06,0.000613088832120477,,,,,,0.710425200856834,0.672663723853002,,,-0.037761477003832,,,,,,,,,,
s__Adlercreutzia_equolifaciens,non_reactive,B-11,0.0001230098573278,,,,,,,,,,,0.602996735238789,0.48868301245258,,,-0.114313722786209,,,,,
s__Adlercreutzia_equolifaciens,reactor-species,M,0.000605572234082338,,,,,,,,,,,,,,,,0.660545335811378,0.48793609835109,0.660545335811378,0.48793609835109,-0.172609237460288
s__Agathobaculum_butyriciproducens,reactor-species,B-11,0.00143278734694051,,,,,,,,,,,0.627952014307159,0.52866983587544,0.627952014307159,0.52866983587544,-0.0992821784317189,,,,,
s__Agathobaculum_butyriciproducens,reactor-species,M,0.00408534499449036,,,,,,,,,,,,,,,,0.662647946932788,0.465116663014184,0.662647946932788,0.465116663014184,-0.197531283918604
s__Akkermansia_muciniphila,non_reactive,B-06,0.00701362659205874,,,,,,0.705741275557502,0.642399149355494,,,-0.063342126202008,,,,,,,,,,
s__Akkermansia_muciniphila,non_reactive,B-11,0.000921829795895515,,,,,,,,,,,0.617871099427986,0.56390377777336,,,-0.053967321654626,,,,,
s__Akkermansia_muciniphila,reactor-species,M,0.0090103060564122,,,,,,,,,,,,,,,,0.58529355606423,0.481856694061874,0.58529355606423,0.481856694061874,-0.103436862002356
s__Alistipes_finegoldii,non_reactive,B-06,0.000260226867655625,,,,,,0.710601472329913,0.581883515611308,,,-0.128717956718605,,,,,,,,,,
s__Alistipes_finegoldii,reactor-species,B-11,0.00384337555596424,,,,,,,,,,,0.615299720538983,0.528681513641059,0.615299720538983,0.528681513641059,-0.086618206897924,,,,,
s__Alistipes_finegoldii,reactor-species,M,0.00239855826927014,,,,,,,,,,,,,,,,0.705882352941176,0.497501949435055,0.705882352941176,0.497501949435055,-0.208380403506121
s__Alistipes_indistinctus,reactor-species,M,0.000506547713311472,,,,,,,,,,,,,,,,0.579710773637312,0.453404915879865,0.579710773637312,0.453404915879865,-0.126305857757447
s__Alistipes_inops,reactor-species,M,0.00221546994071656,,,,,,,,,,,,,,,,0.586780332094357,0.45575538666065,0.586780332094357,0.45575538666065,-0.131024945433707
s__Alistipes_putredinis,non_reactive,B-06,0.0000286875707280732,,,,,,0.71291113328651,0.518508587022279,,,-0.194402546264231,,,,,,,,,,
s__Alistipes_putredinis,non_reactive,B-11,0.00121254107094202,,,,,,,,,,,0.618065958863867,0.370360305734741,,,-0.247705653129126,,,,,
s__Alistipes_putredinis,reactor-species,M,0.0113843809617777,,,,,,,,,,,,,,,,0.600060084767905,0.478703037142405,0.600060084767905,0.478703037142405,-0.1213570476255
s__Alistipes_shahii,reactor-species,M,0.000618060786789041,,,,,,,,,,,,,,,,0.645986406119792,0.452945652808774,0.645986406119792,0.452945652808774,-0.193040753311018
s__Anaerococcus_vaginalis,non_reactive,B-02,0.00014404298096401,0.664894684173138,0.691034471724226,,,0.026139787551088,,,,,,,,,,,,,,,
s__Anaeromassilibacillus_sp_An250,reactor-species,M,0.00034836743541483,,,,,,,,,,,,,,,,0.579008177339382,0.481860779145224,0.579008177339382,0.481860779145224,-0.097147398194158
s__Anaerostipes_caccae,non_reactive,B-11,0.00233885542601656,,,,,,,,,,,0.622943854022422,0.567793911744594,,,-0.055149942277828,,,,,
s__Anaerostipes_hadrus,non_reactive,B-02,0.00916178564729318,0.682487186647036,0.605244431793923,,,-0.077242754853113,,,,,,,,,,,,,,,
s__Anaerostipes_hadrus,reactor-species,B-06,0.000548709337270972,,,,,,0.710410776101586,0.531934032241656,0.710410776101586,0.531934032241656,-0.17847674385993,,,,,,,,,,
s__Anaerostipes_hadrus,reactor-species,B-11,0.0282172416454219,,,,,,,,,,,0.590807097589993,0.579021663603081,0.590807097589993,0.579021663603081,-0.0117854339869119,,,,,
s__Anaerostipes_hadrus,reactor-species,M,0.0328614909293436,,,,,,,,,,,,,,,,0.676577175261386,0.48590666064448,0.676577175261386,0.48590666064448,-0.190670514616906
s__Anaerotruncus_colihominis,reactor-species,B-11,0.000126491186277432,,,,,,,,,,,0.626052580320908,0.515800064809854,0.626052580320908,0.515800064809854,-0.110252515511054,,,,,
s__Asaccharobacter_celatus,non_reactive,B-11,0.000207664172953026,,,,,,,,,,,0.602996735238789,0.48868301245258,,,-0.114313722786209,,,,,
s__Asaccharobacter_celatus,reactor-species,M,0.00124259200425886,,,,,,,,,,,,,,,,0.655623918545542,0.486963628699178,0.655623918545542,0.486963628699178,-0.168660289846364
s__Bacteroides_caccae,non_reactive,B-11,0.00428121069352967,,,,,,,,,,,0.62838566685576,0.523630629364529,,,-0.104755037491231,,,,,
s__Bacteroides_caccae,reactor-species,M,0.00380907763030068,,,,,,,,,,,,,,,,0.650443444003981,0.468969431449971,0.650443444003981,0.468969431449971,-0.18147401255401
s__Bacteroides_cellulosilyticus,reactor-species,M,0.000270180187407289,,,,,,,,,,,,,,,,0.557995116034924,0.462119058148771,0.557995116034924,0.462119058148771,-0.095876057886153
s__Bacteroides_clarus,reactor-species,M,0.000162423692681419,,,,,,,,,,,,,,,,0.53957211122301,0.480730441250952,0.53957211122301,0.480730441250952,-0.058841669972058
s__Bacteroides_dorei,non_reactive,B-02,0.0175479089765281,0.663718641515641,0.683289022016361,,,0.01957038050072,,,,,,,,,,,,,,,
s__Bacteroides_dorei,non_reactive,B-06,0.00887135066981178,,,,,,0.7078275393887,0.641414202590015,,,-0.066413336798685,,,,,,,,,,
s__Bacteroides_dorei,reactor-species,B-11,0.0314952928965778,,,,,,,,,,,0.589327765917773,0.602828459621958,0.589327765917773,0.602828459621958,0.0135006937041849,,,,,
s__Bacteroides_dorei,reactor-species,M,0.0195802275985386,,,,,,,,,,,,,,,,0.598769016821522,0.463788193044539,0.598769016821522,0.463788193044539,-0.134980823776983
s__Bacteroides_eggerthii,reactor-species,M,0.0053066853974471,,,,,,,,,,,,,,,,0.547714864487119,0.453932544214425,0.547714864487119,0.453932544214425,-0.093782320272694
s__Bacteroides_faecis,non_reactive,B-11,0.000173248335178452,,,,,,,,,,,0.62207871894184,0.429109232146474,,,-0.192969486795366,,,,,
s__Bacteroides_faecis,non_reactive,M,0.000724691688984531,,,,,,,,,,,,,,,,0.53647371854051,0.454206617948588,,,-0.0822671005919219
s__Bacteroides_finegoldii,reactor-species,M,0.00197590172685022,,,,,,,,,,,,,,,,0.537714939104083,0.450249466028079,0.537714939104083,0.450249466028079,-0.087465473076004
s__Bacteroides_fragilis,non_reactive,B-11,0.0136529627314772,,,,,,,,,,,0.619679959648827,0.576718652607968,,,-0.0429613070408591,,,,,
s__Bacteroides_fragilis,reactor-species,B-06,0.0141757656615132,,,,,,0.718662241751598,0.574227644472748,0.718662241751598,0.574227644472748,-0.14443459727885,,,,,,,,,,
s__Bacteroides_fragilis,reactor-species,M,0.00568646238884006,,,,,,,,,,,,,,,,0.539605774893452,0.502746170065814,0.539605774893452,0.502746170065814,-0.036859604827638
s__Bacteroides_galacturonicus,reactor-species,B-11,0.00213669755501887,,,,,,,,,,,0.628658800088917,0.492236315218571,0.628658800088917,0.492236315218571,-0.136422484870346,,,,,
s__Bacteroides_galacturonicus,reactor-species,M,0.000369919424907569,,,,,,,,,,,,,,,,0.572934257897966,0.438417951923225,0.572934257897966,0.438417951923225,-0.134516305974741
s__Bacteroides_intestinalis,non_reactive,M,0.000173044314225742,,,,,,,,,,,,,,,,0.53123340041034,0.470428253485994,,,-0.060805146924346
s__Bacteroides_massiliensis,reactor-species,M,0.00293440246301191,,,,,,,,,,,,,,,,0.560438873764684,0.46308730409854,0.560438873764684,0.46308730409854,-0.0973515696661441
s__Bacteroides_ovatus,non_reactive,B-02,0.00183201311266117,0.61162576253769,0.709760647913024,,,0.098134885375334,,,,,,,,,,,,,,,
s__Bacteroides_ovatus,non_reactive,B-06,0.00233764137939125,,,,,,0.712742119336834,0.658015409783277,,,-0.054726709553557,,,,,,,,,,
s__Bacteroides_ovatus,non_reactive,B-11,0.00993668179214161,,,,,,,,,,,0.620635753255555,0.589970483735302,,,-0.0306652695202529,,,,,
s__Bacteroides_ovatus,reactor-species,M,0.00670009989530125,,,,,,,,,,,,,,,,0.646767179069634,0.502880066644927,0.646767179069634,0.502880066644927,-0.143887112424707
s__Bacteroides_plebeius,reactor-species,M,0.00154465477272605,,,,,,,,,,,,,,,,0.549563966802068,0.385562095472788,0.549563966802068,0.385562095472788,-0.16400187132928
s__Bacteroides_sp_CAG_144,reactor-species,M,0.00040096644341425,,,,,,,,,,,,,,,,0.549125667099461,0.441105117935814,0.549125667099461,0.441105117935814,-0.108020549163647
s__Bacteroides_stercoris,non_reactive,B-02,0.000110608145811857,0.644899286923969,0.730820399113082,,,0.085921112189113,,,,,,,,,,,,,,,
s__Bacteroides_stercoris,reactor-species,B-11,0.0010685968221971,,,,,,,,,,,0.620950736311949,0.366598197782469,0.620950736311949,0.366598197782469,-0.25435253852948,,,,,
s__Bacteroides_stercoris,reactor-species,M,0.023313496917192,,,,,,,,,,,,,,,,0.561831413043509,0.450091116481192,0.561831413043509,0.450091116481192,-0.111740296562317
s__Bacteroides_thetaiotaomicron,non_reactive,B-02,0.00596006291010442,0.649830438905424,0.659280779744175,,,0.00945034083875096,,,,,,,,,,,,,,,
s__Bacteroides_thetaiotaomicron,non_reactive,B-06,0.00679566403314956,,,,,,0.695735081157505,0.680069665948234,,,-0.015665415209271,,,,,,,,,,
s__Bacteroides_thetaiotaomicron,reactor-species,B-11,0.00614401759454368,,,,,,,,,,,0.612469131704572,0.575008733169205,0.612469131704572,0.575008733169205,-0.037460398535367,,,,,
s__Bacteroides_thetaiotaomicron,reactor-species,M,0.00386119670774267,,,,,,,,,,,,,,,,0.687419511632918,0.491763665598786,0.687419511632918,0.491763665598786,-0.195655846034132
s__Bacteroides_uniformis,non_reactive,B-02,0.000439751275855434,0.604417103968498,0.677650191947074,,,0.073233087978576,,,,,,,,,,,,,,,
s__Bacteroides_uniformis,non_reactive,B-06,0.00309640461372842,,,,,,0.709495819440809,0.622086321619711,,,-0.087409497821098,,,,,,,,,,
s__Bacteroides_uniformis,non_reactive,B-11,0.00935347796206937,,,,,,,,,,,0.614581302945543,0.58219517438215,,,-0.0323861285633931,,,,,
s__Bacteroides_uniformis,non_reactive,M,0.0145666451149074,,,,,,,,,,,,,,,,,0.516278592426602,,0.516278592426602,
s__Bacteroides_vulgatus,non_reactive,B-02,0.0244190430385812,0.664518356284726,0.655921417308399,,,-0.00859693897632696,,,,,,,,,,,,,,,
s__Bacteroides_vulgatus,reactor-species,B-06,0.0124759039645904,,,,,,0.726589559461059,0.614726771813355,0.726589559461059,0.614726771813355,-0.111862787647704,,,,,,,,,,
s__Bacteroides_vulgatus,reactor-species,B-11,0.0234374437230483,,,,,,,,,,,0.647562404231883,0.581347341795594,0.647562404231883,0.581347341795594,-0.0662150624362891,,,,,
s__Bacteroides_vulgatus,reactor-species,M,0.0258668724977189,,,,,,,,,,,,,,,,0.518303031079223,0.524666199096943,0.518303031079223,0.524666199096943,0.00636316801771997
s__Bacteroides_xylanisolvens,non_reactive,B-06,0.00390407317198902,,,,,,0.697236353724243,0.658168859649123,,,-0.03906749407512,,,,,,,,,,
s__Bacteroides_xylanisolvens,non_reactive,B-11,0.00255850117277124,,,,,,,,,,,0.628311433017112,0.524615668262487,,,-0.103695764754625,,,,,
s__Bacteroides_xylanisolvens,reactor-species,M,0.00148302340258101,,,,,,,,,,,,,,,,0.621538288945228,0.472585677091269,0.621538288945228,0.472585677091269,-0.148952611853959
s__Barnesiella_intestinihominis,reactor-species,B-11,0.000889128512628635,,,,,,,,,,,0.617001598377813,0.29901827758868,0.617001598377813,0.29901827758868,-0.317983320789133,,,,,
s__Barnesiella_intestinihominis,reactor-species,M,0.00524244030476985,,,,,,,,,,,,,,,,0.651912261191133,0.46289584992488,0.651912261191133,0.46289584992488,-0.189016411266253
s__Bifidobacterium_adolescentis,non_reactive,B-02,0.0111070320012632,0.602522325106359,0.673080716815683,,,0.0705583917093241,,,,,,,,,,,,,,,
s__Bifidobacterium_adolescentis,non_reactive,B-06,0.0321356342530612,,,,,,0.710589779110089,0.612164846642672,,,-0.098424932467417,,,,,,,,,,
s__Bifidobacterium_adolescentis,reactor-species,B-11,0.034272763858066,,,,,,,,,,,0.591353602866519,0.579343180625731,0.591353602866519,0.579343180625731,-0.012010422240788,,,,,
s__Bifidobacterium_adolescentis,reactor-species,M,0.0356677795554237,,,,,,,,,,,,,,,,0.736152105470287,0.506260524057657,0.736152105470287,0.506260524057657,-0.22989158141263
s__Bifidobacterium_animalis,non_reactive,B-11,0.00030384748961645,,,,,,,,,,,0.619831755314204,0.500552117777195,,,-0.119279637537009,,,,,
s__Bifidobacterium_animalis,non_reactive,M,0.000390173184978765,,,,,,,,,,,,,,,,0.538513707891499,0.467303638889352,,,-0.071210069002147
s__Bifidobacterium_bifidum,non_reactive,B-02,0.20338443950192,0.666269567137605,0.669804633366225,,,0.00353506622861999,,,,,,,,,,,,,,,
s__Bifidobacterium_bifidum,reactor-species,B-06,0.189878961261093,,,,,,0.801712035610341,0.689173783114121,0.801712035610341,0.689173783114121,-0.11253825249622,,,,,,,,,,
s__Bifidobacterium_bifidum,reactor-species,B-11,0.0777654241852964,,,,,,,,,,,0.686032123294188,0.597571463967091,0.686032123294188,0.597571463967091,-0.0884606593270969,,,,,
s__Bifidobacterium_bifidum,reactor-species,M,0.0144224691416218,,,,,,,,,,,,,,,,0.502641210067262,0.530128261485569,0.502641210067262,0.530128261485569,0.027487051418307
s__Bifidobacterium_breve,non_reactive,B-02,0.24060211034069,0.643807030116183,0.671968113081984,,,0.028161082965801,,,,,,,,,,,,,,,
s__Bifidobacterium_breve,non_reactive,B-06,0.206183255047203,,,,,,0.762121623682834,0.682452268060847,,,-0.079669355621987,,,,,,,,,,
s__Bifidobacterium_breve,non_reactive,M,0.0081496006663563,,,,,,,,,,,,,,,,0.509952490066651,0.538215198095339,,,0.028262708028688
s__Bifidobacterium_breve,reactor-species,B-11,0.0718371010291496,,,,,,,,,,,0.700594660432354,0.600111804036382,0.700594660432354,0.600111804036382,-0.100482856395972,,,,,
s__Bifidobacterium_catenulatum,non_reactive,B-11,0.00413490784442137,,,,,,,,,,,0.616425012565771,0.536807176918837,,,-0.079617835646934,,,,,
s__Bifidobacterium_catenulatum,reactor-species,M,0.000359751112018092,,,,,,,,,,,,,,,,0.551349746548487,0.440343212016357,0.551349746548487,0.440343212016357,-0.11100653453213
s__Bifidobacterium_dentium,non_reactive,B-02,0.00565360127969752,0.644336244342703,0.67469613441392,,,0.030359890071217,,,,,,,,,,,,,,,
s__Bifidobacterium_dentium,non_reactive,B-06,0.00337205720721461,,,,,,0.718050882509485,0.602572132257881,,,-0.115478750251604,,,,,,,,,,
s__Bifidobacterium_dentium,non_reactive,B-11,0.00189750124510455,,,,,,,,,,,0.607732259075518,0.597484560757188,,,-0.0102476983183299,,,,,
s__Bifidobacterium_dentium,reactor-species,M,0.0000634923958317803,,,,,,,,,,,,,,,,0.537945864018592,0.494750410757101,0.537945864018592,0.494750410757101,-0.043195453261491
s__Bifidobacterium_kashiwanohense,non_reactive,B-02,0.00740952035008318,0.68202681491184,0.605933402346446,,,-0.076093412565394,,,,,,,,,,,,,,,
s__Bifidobacterium_kashiwanohense,non_reactive,B-06,0.0370571715065342,,,,,,0.710941540818001,0.662272639883042,,,-0.048668900934959,,,,,,,,,,
s__Bifidobacterium_kashiwanohense,non_reactive,M,0.00060380097957901,,,,,,,,,,,,,,,,0.54312019900086,0.397030843016655,,,-0.146089355984205
s__Bifidobacterium_kashiwanohense,reactor-species,B-11,0.0643377121401829,,,,,,,,,,,0.651730291116263,0.571324287050648,0.651730291116263,0.571324287050648,-0.080406004065615,,,,,
s__Bifidobacterium_longum,non_reactive,B-02,0.192084870517867,,0.673229729250894,,,,,,,,,,,,,,,,,,
s__Bifidobacterium_longum,non_reactive,B-06,0.179140060233321,,,,,,0.754449718801836,0.667620819724824,,,-0.086828899077012,,,,,,,,,,
s__Bifidobacterium_longum,non_reactive,B-11,0.0753306668500399,,,,,,,,,,,,0.604371369473994,,0.604371369473994,,,,,,
s__Bifidobacterium_longum,non_reactive,M,0.019141018630994,,,,,,,,,,,,,,,,,0.527849310564556,,0.527849310564556,
s__Bifidobacterium_pseudocatenulatum,non_reactive,B-02,0.0442908697998165,0.692490621187145,0.594454454272864,,,-0.098036166914281,,,,,,,,,,,,,,,
s__Bifidobacterium_pseudocatenulatum,non_reactive,B-06,0.0267051166777316,,,,,,0.737548674897536,0.594926403699668,,,-0.142622271197868,,,,,,,,,,
s__Bifidobacterium_pseudocatenulatum,non_reactive,B-11,0.0228964771164575,,,,,,,,,,,0.612441190187056,0.578142780836649,,,-0.034298409350407,,,,,
s__Bifidobacterium_pseudocatenulatum,reactor-species,M,0.00843978601671151,,,,,,,,,,,,,,,,0.517736287035238,0.525284351941677,0.517736287035238,0.525284351941677,0.007548064906439
s__Bilophila_wadsworthia,reactor-species,M,0.000215865168709713,,,,,,,,,,,,,,,,0.563077097106298,0.474196568772199,0.563077097106298,0.474196568772199,-0.0888805283340991
s__Blautia_hydrogenotrophica,reactor-species,M,0.000224179361388103,,,,,,,,,,,,,,,,0.544622260541331,0.447378361513531,0.544622260541331,0.447378361513531,-0.0972438990278
s__Blautia_obeum,reactor-species,B-11,0.000383239196312815,,,,,,,,,,,0.628845273197311,0.392661209387433,0.628845273197311,0.392661209387433,-0.236184063809878,,,,,
s__Blautia_obeum,reactor-species,M,0.0155228014420871,,,,,,,,,,,,,,,,0.703062518959764,0.481126717508721,0.703062518959764,0.481126717508721,-0.221935801451043
s__Blautia_producta,non_reactive,M,0.000137229064785149,,,,,,,,,,,,,,,,0.506284708899279,0.525433519072397,,,0.019148810173118
s__Blautia_sp_CAG_257,reactor-species,M,0.0012604323005916,,,,,,,,,,,,,,,,0.509488811063412,0.530410570802621,0.509488811063412,0.530410570802621,0.020921759739209
s__Blautia_wexlerae,non_reactive,M,0.0232791559868019,,,,,,,,,,,,,,,,,0.526364523185869,,0.526364523185869,
s__Blautia_wexlerae,reactor-species,B-06,0.000786098379482084,,,,,,0.723081865765416,0.578036034612161,0.723081865765416,0.578036034612161,-0.145045831153255,,,,,,,,,,
s__Blautia_wexlerae,reactor-species,B-11,0.0453258817343875,,,,,,,,,,,0.603767646888884,0.601203481696409,0.603767646888884,0.601203481696409,-0.00256416519247493,,,,,
s__Butyricimonas_synergistica,reactor-species,M,0.0000737228580020759,,,,,,,,,,,,,,,,0.563140721857691,0.431612715897148,0.563140721857691,0.431612715897148,-0.131528005960543
s__Butyricimonas_virosa,reactor-species,M,0.0000903961289505596,,,,,,,,,,,,,,,,0.567120249804841,0.430877011014671,0.567120249804841,0.430877011014671,-0.13624323879017
s__Candida_albicans,non_reactive,B-02,0.0000185330617849109,0.68577128144696,0.576388888888889,,,-0.109382392558071,,,,,,,,,,,,,,,
s__Clostridioides_difficile,non_reactive,B-02,0.0000368581395582836,0.684113613808829,0.526719704831085,,,-0.157393908977744,,,,,,,,,,,,,,,
s__Clostridioides_difficile,non_reactive,B-11,0.000470817828255732,,,,,,,,,,,0.614323893106781,0.60012631208094,,,-0.014197581025841,,,,,
s__Clostridium_bolteae,non_reactive,B-02,0.000451904287556671,0.672697659342938,0.703703703703704,,,0.031006044360766,,,,,,,,,,,,,,,
s__Clostridium_bolteae,non_reactive,B-06,0.000171241301375272,,,,,,0.709623862439313,0.585330839184277,,,-0.124293023255036,,,,,,,,,,
s__Clostridium_bolteae,non_reactive,B-11,0.00151767375116238,,,,,,,,,,,0.625855180200149,0.558929904997838,,,-0.066925275202311,,,,,
s__Clostridium_bolteae,reactor-species,M,0.000377228870879393,,,,,,,,,,,,,,,,0.541769342993921,0.488557423375984,0.541769342993921,0.488557423375984,-0.053211919617937
s__Clostridium_bolteae_CAG_59,non_reactive,B-02,0.00120901105907201,0.672697659342938,0.703703703703704,,,0.031006044360766,,,,,,,,,,,,,,,
s__Clostridium_bolteae_CAG_59,non_reactive,B-11,0.000531030313547081,,,,,,,,,,,0.621199175637005,0.554661473141128,,,-0.066537702495877,,,,,
s__Clostridium_bolteae_CAG_59,non_reactive,M,0.0000785256163142194,,,,,,,,,,,,,,,,0.525773603264601,0.50162398061291,,,-0.024149622651691
s__Clostridium_citroniae,non_reactive,B-11,0.000130053746235889,,,,,,,,,,,0.623698575233542,0.547017423298252,,,-0.07668115193529,,,,,
s__Clostridium_citroniae,reactor-species,M,0.0000512455347727056,,,,,,,,,,,,,,,,0.569155099637802,0.456672601493618,0.569155099637802,0.456672601493618,-0.112482498144184
s__Clostridium_clostridioforme,non_reactive,B-11,0.000516025785774166,,,,,,,,,,,0.617341354544156,0.552620234163375,,,-0.0647211203807809,,,,,
s__Clostridium_clostridioforme,reactor-species,M,0.0010300621802864,,,,,,,,,,,,,,,,0.481036205724223,0.607436419710553,0.481036205724223,0.607436419710553,0.12640021398633
s__Clostridium_disporicum,reactor-species,M,0.000446770463377511,,,,,,,,,,,,,,,,0.555165282228024,0.479742545023659,0.555165282228024,0.479742545023659,-0.075422737204365
s__Clostridium_innocuum,non_reactive,B-06,0.00274954580401626,,,,,,0.715944419039604,0.552732129754345,,,-0.163212289285259,,,,,,,,,,
s__Clostridium_innocuum,reactor-species,B-11,0.0054268029076628,,,,,,,,,,,0.658549684830642,0.585508822568807,0.658549684830642,0.585508822568807,-0.073040862261835,,,,,
s__Clostridium_innocuum,reactor-species,M,0.000801774060888631,,,,,,,,,,,,,,,,0.507020204589388,0.522828769810929,0.507020204589388,0.522828769810929,0.015808565221541
s__Clostridium_leptum,reactor-species,M,0.000208883732831097,,,,,,,,,,,,,,,,0.601902574576052,0.485222877262968,0.601902574576052,0.485222877262968,-0.116679697313084
s__Clostridium_neonatale,non_reactive,B-02,0.00199980561926705,0.684733519887082,0.438197920677705,,,-0.246535599209377,,,,,,,,,,,,,,,
s__Clostridium_neonatale,non_reactive,B-06,0.0072563001867724,,,,,,0.701586083237073,0.669254953493927,,,-0.032331129743146,,,,,,,,,,
s__Clostridium_neonatale,reactor-species,B-11,0.00121181289297005,,,,,,,,,,,0.601603135550299,0.594325393212461,0.601603135550299,0.594325393212461,-0.00727774233783796,,,,,
s__Clostridium_paraputrificum,non_reactive,B-02,0.000303538611866365,0.690044821879796,0.576476846302865,,,-0.113567975576931,,,,,,,,,,,,,,,
s__Clostridium_paraputrificum,non_reactive,B-11,0.000154115531492765,,,,,,,,,,,0.610039878318122,0.60303980210547,,,-0.00700007621265197,,,,,
s__Clostridium_paraputrificum,reactor-species,B-06,0.00185921376444016,,,,,,0.72569008139091,0.571096444579328,0.72569008139091,0.571096444579328,-0.154593636811582,,,,,,,,,,
s__Clostridium_perfringens,non_reactive,B-02,0.0280081219442863,0.676469834500252,0.639784799067752,,,-0.0366850354325,,,,,,,,,,,,,,,
s__Clostridium_perfringens,non_reactive,B-06,0.00126682713647019,,,,,,0.713143534888672,0.612359030943817,,,-0.100784503944855,,,,,,,,,,
s__Clostridium_perfringens,non_reactive,B-11,0.000115533703408464,,,,,,,,,,,0.620202119701681,0.556811067011624,,,-0.0633910526900571,,,,,
s__Clostridium_saccharolyticum,non_reactive,M,0.0000341061442180829,,,,,,,,,,,,,,,,0.542850122687841,0.473618293421254,,,-0.0692318292665871
s__Clostridium_sp_CAG_167,reactor-species,M,0.000746878982236748,,,,,,,,,,,,,,,,0.54505139716594,0.421525298984349,0.54505139716594,0.421525298984349,-0.123526098181591
s__Clostridium_sp_CAG_58,reactor-species,M,0.000349292769151461,,,,,,,,,,,,,,,,0.571262008408564,0.447956148529763,0.571262008408564,0.447956148529763,-0.123305859878801
s__Clostridium_spiroforme,non_reactive,B-11,0.000750095838810153,,,,,,,,,,,0.610745501149876,0.542453578933843,,,-0.068291922216033,,,,,
s__Clostridium_spiroforme,reactor-species,M,0.000685313214110343,,,,,,,,,,,,,,,,0.532014277631998,0.510545215317063,0.532014277631998,0.510545215317063,-0.0214690623149351
s__Clostridium_symbiosum,non_reactive,M,0.000379776991392953,,,,,,,,,,,,,,,,0.509469451507446,0.527985913219533,,,0.018516461712087
s__Clostridium_symbiosum,reactor-species,B-11,0.000933799765267334,,,,,,,,,,,0.631576799403998,0.523556965189969,0.631576799403998,0.523556965189969,-0.108019834214029,,,,,
s__Collinsella_aerofaciens,non_reactive,B-02,0.0225948096521895,0.585889639032485,0.67922177485241,,,0.0933321358199249,,,,,,,,,,,,,,,
s__Collinsella_aerofaciens,non_reactive,B-06,0.0229402747102556,,,,,,0.697800658510507,0.633775512062716,,,-0.064025146447791,,,,,,,,,,
s__Collinsella_aerofaciens,non_reactive,M,0.0309467061147027,,,,,,,,,,,,,,,,,0.509136240379709,,0.509136240379709,
s__Collinsella_aerofaciens,reactor-species,B-11,0.0281987499864845,,,,,,,,,,,0.573237078466511,0.602392554414446,0.573237078466511,0.602392554414446,0.029155475947935,,,,,
s__Collinsella_stercoris,non_reactive,B-02,0.000040017248057865,0.603959270715059,0.64863521928861,,,0.0446759485735511,,,,,,,,,,,,,,,
s__Collinsella_stercoris,non_reactive,B-06,0.000118472481084441,,,,,,0.685099196136401,0.673334747276662,,,-0.011764448859739,,,,,,,,,,
s__Collinsella_stercoris,reactor-species,B-11,0.0000728613138083463,,,,,,,,,,,0.592463796601749,0.600346000325714,0.592463796601749,0.600346000325714,0.00788220372396498,,,,,
s__Collinsella_stercoris,reactor-species,M,0.000149603677143684,,,,,,,,,,,,,,,,0.725776603020479,0.493977343243731,0.725776603020479,0.493977343243731,-0.231799259776748
s__Coprobacillus_cateniformis,non_reactive,B-11,0.000282347382245013,,,,,,,,,,,0.614596711957836,0.575562574759139,,,-0.0390341371986971,,,,,
s__Coprobacillus_cateniformis,non_reactive,M,0.0000610685738798575,,,,,,,,,,,,,,,,0.507767065350826,0.609602295762796,,,0.10183523041197
s__Coprobacter_fastidiosus,non_reactive,B-11,0.000154811797282691,,,,,,,,,,,0.619667786887009,0.3784022037826,,,-0.241265583104409,,,,,
s__Coprobacter_fastidiosus,reactor-species,M,0.00022982458772912,,,,,,,,,,,,,,,,0.585216640151397,0.462739795500189,0.585216640151397,0.462739795500189,-0.122476844651208
s__Coprococcus_catus,reactor-species,M,0.00510870886339966,,,,,,,,,,,,,,,,0.646951660600661,0.449013858152843,0.646951660600661,0.449013858152843,-0.197937802447818
s__Coprococcus_comes,reactor-species,B-11,0.00187658426033218,,,,,,,,,,,0.625967334410029,0.377747553167196,0.625967334410029,0.377747553167196,-0.248219781242833,,,,,
s__Coprococcus_comes,reactor-species,M,0.0110970026872728,,,,,,,,,,,,,,,,0.691622966018957,0.471734723371969,0.691622966018957,0.471734723371969,-0.219888242646988
s__Coprococcus_eutactus,reactor-species,B-11,0.00590141828558109,,,,,,,,,,,0.619203602602465,0.419524813687998,0.619203602602465,0.419524813687998,-0.199678788914467,,,,,
s__Coprococcus_eutactus,reactor-species,M,0.0159199733266336,,,,,,,,,,,,,,,,0.575345930121758,0.460001188587298,0.575345930121758,0.460001188587298,-0.11534474153446
s__Corynebacterium_accolens,non_reactive,B-02,0.0000287523842977917,0.66878744852482,0.661019684758396,,,-0.00776776376642396,,,,,,,,,,,,,,,
s__Corynebacterium_argentoratense,non_reactive,B-11,0.0000442883064542391,,,,,,,,,,,0.621000113739983,0.551423439422265,,,-0.069576674317718,,,,,
s__Corynebacterium_pseudodiphtheriticum,non_reactive,B-02,0.0000496688304311413,0.698395239271224,0.578993501611742,,,-0.119401737659482,,,,,,,,,,,,,,,
s__Cutibacterium_avidum,non_reactive,B-02,0.00251137883337721,0.681212435192004,0.664967602185826,,,-0.0162448330061781,,,,,,,,,,,,,,,
s__Desulfovibrio_piger,reactor-species,M,0.000898278083048523,,,,,,,,,,,,,,,,0.561107469660783,0.43997335972865,0.561107469660783,0.43997335972865,-0.121134109932133
s__Dialister_invisus,non_reactive,B-11,0.000643262556668311,,,,,,,,,,,0.622988805636994,0.522292643393981,,,-0.100696162243013,,,,,
s__Dialister_invisus,non_reactive,M,0.00075346335326569,,,,,,,,,,,,,,,,0.534343926875219,0.510444724211566,,,-0.0238992026636531
s__Dielma_fastidiosa,non_reactive,M,0.000126173398275096,,,,,,,,,,,,,,,,0.526032956669391,0.506083469440768,,,-0.019949487228623
s__Dolosigranulum_pigrum,non_reactive,B-02,0.000101749151158226,0.711094054999648,0.563313632519385,,,-0.147780422480263,,,,,,,,,,,,,,,
s__Dorea_formicigenerans,non_reactive,B-06,0.000654464980782456,,,,,,0.715888712960448,0.528940047327752,,,-0.186948665632696,,,,,,,,,,
s__Dorea_formicigenerans,reactor-species,B-11,0.0013834308057571,,,,,,,,,,,0.628800744276637,0.471432077338882,0.628800744276637,0.471432077338882,-0.157368666937755,,,,,
s__Dorea_formicigenerans,reactor-species,M,0.0101544777690193,,,,,,,,,,,,,,,,0.705882352941176,0.497501949435055,0.705882352941176,0.497501949435055,-0.208380403506121
s__Dorea_longicatena,non_reactive,B-06,0.000366612297408818,,,,,,0.709986638075751,0.514676363079005,,,-0.195310274996746,,,,,,,,,,
s__Dorea_longicatena,reactor-species,B-11,0.00242095676707872,,,,,,,,,,,0.625647136007805,0.434400885586241,0.625647136007805,0.434400885586241,-0.191246250421564,,,,,
s__Dorea_longicatena,reactor-species,M,0.023734119797034,,,,,,,,,,,,,,,,0.691622966018957,0.471734723371969,0.691622966018957,0.471734723371969,-0.219888242646988
s__Dorea_sp_CAG_317,non_reactive,B-11,0.000099328117147926,,,,,,,,,,,0.60747669624384,0.485356512560809,,,-0.122120183683031,,,,,
s__Dorea_sp_CAG_317,non_reactive,M,0.00033251591606828,,,,,,,,,,,,,,,,0.528482776961215,0.481458435409109,,,-0.0470243415521061
s__Eggerthella_lenta,non_reactive,B-02,0.0000409166383780305,0.654370068295704,0.612145802408049,,,-0.042224265887655,,,,,,,,,,,,,,,
s__Eggerthella_lenta,non_reactive,B-06,0.00173852492023586,,,,,,0.714808668762565,0.64883746960203,,,-0.065971199160535,,,,,,,,,,
s__Eggerthella_lenta,reactor-species,B-11,0.00314048363660365,,,,,,,,,,,0.670756284741167,0.587622137817621,0.670756284741167,0.587622137817621,-0.083134146923546,,,,,
s__Eggerthella_lenta,reactor-species,M,0.00132695620023219,,,,,,,,,,,,,,,,0.449115487753266,0.546904398267116,0.449115487753266,0.546904398267116,0.09778891051385
s__Eisenbergiella_massiliensis,reactor-species,M,0.0000591971899796549,,,,,,,,,,,,,,,,0.544899515138998,0.447977110963924,0.544899515138998,0.447977110963924,-0.096922404175074
s__Enterococcus_avium,non_reactive,B-06,0.00414057001702437,,,,,,0.716721129298523,0.639527525419425,,,-0.077193603879098,,,,,,,,,,
s__Enterococcus_avium,non_reactive,B-11,0.00208379295941429,,,,,,,,,,,0.624323565699087,0.586501575895493,,,-0.037821989803594,,,,,
s__Enterococcus_avium,non_reactive,M,0.0013460981787243,,,,,,,,,,,,,,,,0.515178330363474,0.489631141987594,,,-0.02554718837588
s__Enterococcus_casseliflavus,non_reactive,B-06,0.00131428314461943,,,,,,0.719245291443955,0.59806527212507,,,-0.121180019318885,,,,,,,,,,
s__Enterococcus_casseliflavus,non_reactive,B-11,0.000353674010208063,,,,,,,,,,,0.600060181684513,0.616354153779545,,,0.016293972095032,,,,,
s__Enterococcus_faecalis,non_reactive,B-02,0.00623602958746821,0.603655603655604,0.681892586233148,,,0.078236982577544,,,,,,,,,,,,,,,
s__Enterococcus_faecalis,non_reactive,B-06,0.00758233971668654,,,,,,0.658234270594121,0.698177654690499,,,0.039943384096378,,,,,,,,,,
s__Enterococcus_faecalis,reactor-species,B-11,0.000559084022666202,,,,,,,,,,,0.59026028599155,0.637486758760156,0.59026028599155,0.637486758760156,0.047226472768606,,,,,
s__Enterococcus_gallinarum,non_reactive,B-06,0.000226274929881477,,,,,,0.701631808979262,0.668725881332414,,,-0.0329059276468481,,,,,,,,,,
s__Enterococcus_gallinarum,non_reactive,B-11,0.000469573253156239,,,,,,,,,,,0.597224772321542,0.59005505824731,,,-0.00716971407423206,,,,,
s__Enterococcus_hirae,non_reactive,B-02,0.0015795149014642,0.684733519887082,0.438197920677705,,,-0.246535599209377,,,,,,,,,,,,,,,
s__Enterococcus_raffinosus,non_reactive,B-11,0.000287618694496248,,,,,,,,,,,0.607611909137272,0.540800709111958,,,-0.066811200025314,,,,,
s__Erysipelatoclostridium_ramosum,non_reactive,B-02,0.000319901894503876,0.664475622416327,0.61329296666947,,,-0.051182655746857,,,,,,,,,,,,,,,
s__Erysipelatoclostridium_ramosum,non_reactive,B-06,0.0140048109936197,,,,,,0.713038758296015,0.638654650777146,,,-0.074384107518869,,,,,,,,,,
s__Erysipelatoclostridium_ramosum,reactor-species,B-11,0.0278833502869702,,,,,,,,,,,0.616438356164384,0.609549276243173,0.616438356164384,0.609549276243173,-0.00688907992121102,,,,,
s__Erysipelatoclostridium_ramosum,reactor-species,M,0.000860522394951263,,,,,,,,,,,,,,,,0.460374693692788,0.563646470466965,0.460374693692788,0.563646470466965,0.103271776774177
s__Escherichia_coli,non_reactive,B-02,0.0651408790944534,0.739126016260163,0.654723983768108,,,-0.084402032492055,,,,,,,,,,,,,,,
s__Escherichia_coli,non_reactive,B-06,0.042171823022008,,,,,,,0.699999719283489,,0.699999719283489,,,,,,,,,,,
s__Escherichia_coli,non_reactive,B-11,0.0101277197182527,,,,,,,,,,,,0.612911386211045,,0.612911386211045,,,,,,
s__Escherichia_coli,reactor-species,M,0.00211579630523492,,,,,,,,,,,,,,,,0.508069180713126,0.524011814789556,0.508069180713126,0.524011814789556,0.01594263407643
s__Eubacterium_eligens,reactor-species,B-06,0.0000588406055955062,,,,,,0.713177703329147,0.410793067484898,0.713177703329147,0.410793067484898,-0.302384635844249,,,,,,,,,,
s__Eubacterium_eligens,reactor-species,B-11,0.00756708333039234,,,,,,,,,,,0.605005954060822,0.537642191526318,0.605005954060822,0.537642191526318,-0.0673637625345041,,,,,
s__Eubacterium_eligens,reactor-species,M,0.0113692061790445,,,,,,,,,,,,,,,,0.671968438881538,0.482360815207789,0.671968438881538,0.482360815207789,-0.189607623673749
s__Eubacterium_hallii,reactor-species,B-06,0.000105896941706739,,,,,,0.71128275201797,0.499534141987463,0.71128275201797,0.499534141987463,-0.211748610030507,,,,,,,,,,
s__Eubacterium_hallii,reactor-species,B-11,0.00302826009680479,,,,,,,,,,,0.619435080357625,0.486189926215673,0.619435080357625,0.486189926215673,-0.133245154141952,,,,,
s__Eubacterium_hallii,reactor-species,M,0.0239378831196732,,,,,,,,,,,,,,,,0.676577175261386,0.48590666064448,0.676577175261386,0.48590666064448,-0.190670514616906
s__Eubacterium_ramulus,reactor-species,B-11,0.000802321575269554,,,,,,,,,,,0.622784365108605,0.327010465419774,0.622784365108605,0.327010465419774,-0.295773899688831,,,,,
s__Eubacterium_ramulus,reactor-species,M,0.00259315457298862,,,,,,,,,,,,,,,,0.678604765829125,0.466072056644256,0.678604765829125,0.466072056644256,-0.212532709184869
s__Eubacterium_rectale,reactor-species,B-06,0.000338332472901338,,,,,,0.70973612991832,0.475758142259061,0.70973612991832,0.475758142259061,-0.233977987659259,,,,,,,,,,
s__Eubacterium_rectale,reactor-species,B-11,0.0239109885923146,,,,,,,,,,,0.598343283600492,0.599636560517562,0.598343283600492,0.599636560517562,0.00129327691706993,,,,,
s__Eubacterium_rectale,reactor-species,M,0.0327000132868257,,,,,,,,,,,,,,,,0.671968438881538,0.482360815207789,0.671968438881538,0.482360815207789,-0.189607623673749
s__Eubacterium_siraeum,non_reactive,B-06,0.000030209554145535,,,,,,0.706969944752739,0.451531590772097,,,-0.255438353980642,,,,,,,,,,
s__Eubacterium_siraeum,reactor-species,B-11,0.00044982541468945,,,,,,,,,,,0.621095346122968,0.3819122186763,0.621095346122968,0.3819122186763,-0.239183127446668,,,,,
s__Eubacterium_siraeum,reactor-species,M,0.00456217499335711,,,,,,,,,,,,,,,,0.613659616712836,0.470055058120203,0.613659616712836,0.470055058120203,-0.143604558592633
s__Eubacterium_sp_CAG_180,reactor-species,M,0.00989759752770713,,,,,,,,,,,,,,,,0.538429241974276,0.444109014410275,0.538429241974276,0.444109014410275,-0.094320227564001
s__Eubacterium_sp_CAG_251,non_reactive,B-11,0.00324911560536947,,,,,,,,,,,0.618605193074326,0.454750797715824,,,-0.163854395358502,,,,,
s__Eubacterium_sp_CAG_251,reactor-species,M,0.00259439755860499,,,,,,,,,,,,,,,,0.544409067226507,0.387279294593894,0.544409067226507,0.387279294593894,-0.157129772632613
s__Eubacterium_sp_CAG_274,reactor-species,M,0.00391181729696937,,,,,,,,,,,,,,,,0.553075276293434,0.454569814590842,0.553075276293434,0.454569814590842,-0.098505461702592
s__Eubacterium_sp_CAG_38,non_reactive,B-11,0.000693147099409084,,,,,,,,,,,0.604332300418638,0.568052172294126,,,-0.036280128124512,,,,,
s__Eubacterium_sp_CAG_38,reactor-species,M,0.00165377509889211,,,,,,,,,,,,,,,,0.559865408008728,0.499370301481158,0.559865408008728,0.499370301481158,-0.06049510652757
s__Eubacterium_ventriosum,reactor-species,B-11,0.000124947797109762,,,,,,,,,,,0.62349748299542,0.336244638121407,0.62349748299542,0.336244638121407,-0.287252844874013,,,,,
s__Eubacterium_ventriosum,reactor-species,M,0.00260978986382105,,,,,,,,,,,,,,,,0.622095871406004,0.447687058908271,0.622095871406004,0.447687058908271,-0.174408812497733
s__Faecalibacterium_prausnitzii,non_reactive,M,0.0787127754206666,,,,,,,,,,,,,,,,,0.509136240379709,,0.509136240379709,
s__Faecalibacterium_prausnitzii,reactor-species,B-06,0.000364997460891617,,,,,,0.716239755231674,0.491524880896832,0.716239755231674,0.491524880896832,-0.224714874334842,,,,,,,,,,
s__Faecalibacterium_prausnitzii,reactor-species,B-11,0.0406004592690997,,,,,,,,,,,0.618017800404597,0.586615529990627,0.618017800404597,0.586615529990627,-0.0314022704139699,,,,,
s__Firmicutes_bacterium_CAG_110,reactor-species,M,0.000846728707347372,,,,,,,,,,,,,,,,0.558825326608624,0.445379576306187,0.558825326608624,0.445379576306187,-0.113445750302437
s__Firmicutes_bacterium_CAG_145,reactor-species,M,0.000655802663935008,,,,,,,,,,,,,,,,0.580766995424727,0.446508100192222,0.580766995424727,0.446508100192222,-0.134258895232505
s__Firmicutes_bacterium_CAG_83,non_reactive,B-11,0.00116462057795033,,,,,,,,,,,0.61639130572753,0.446936726029672,,,-0.169454579697858,,,,,
s__Firmicutes_bacterium_CAG_83,reactor-species,M,0.00373342123911758,,,,,,,,,,,,,,,,0.601839612859333,0.490355284975978,0.601839612859333,0.490355284975978,-0.111484327883355
s__Firmicutes_bacterium_CAG_94,reactor-species,M,0.000432079063939574,,,,,,,,,,,,,,,,0.544199927988131,0.494218346940676,0.544199927988131,0.494218346940676,-0.049981581047455
s__Firmicutes_bacterium_CAG_95,reactor-species,M,0.000150580801947665,,,,,,,,,,,,,,,,0.53626924355192,0.438152655141123,0.53626924355192,0.438152655141123,-0.098116588410797
s__Flavonifractor_plautii,non_reactive,B-02,0.0000654981000660546,0.656935871593662,0.675,,,0.0180641284063381,,,,,,,,,,,,,,,
s__Flavonifractor_plautii,non_reactive,B-06,0.0015964112325396,,,,,,0.711286983586598,0.640122347468951,,,-0.071164636117647,,,,,,,,,,
s__Flavonifractor_plautii,reactor-species,B-11,0.00566421793759789,,,,,,,,,,,0.645531187520064,0.598604481027011,0.645531187520064,0.598604481027011,-0.046926706493053,,,,,
s__Flavonifractor_plautii,reactor-species,M,0.00162329432938844,,,,,,,,,,,,,,,,0.437786659054144,0.532615407064805,0.437786659054144,0.532615407064805,0.094828748010661
s__Fusicatenibacter_saccharivorans,reactor-species,B-06,0.000213303755557061,,,,,,0.70973612991832,0.475758142259061,0.70973612991832,0.475758142259061,-0.233977987659259,,,,,,,,,,
s__Fusicatenibacter_saccharivorans,reactor-species,B-11,0.0133734642367559,,,,,,,,,,,0.610068473921188,0.552758674591428,0.610068473921188,0.552758674591428,-0.05730979932976,,,,,
s__Fusicatenibacter_saccharivorans,reactor-species,M,0.030118756848376,,,,,,,,,,,,,,,,0.676577175261386,0.48590666064448,0.676577175261386,0.48590666064448,-0.190670514616906
s__Gemella_haemolysans,non_reactive,B-06,0.000264167068757595,,,,,,0.731896639887694,0.634564763159233,,,-0.097331876728461,,,,,,,,,,
s__Gemella_haemolysans,reactor-species,B-02,0.000216713718833385,0.649632653768809,0.624355169109498,0.649632653768809,0.624355169109498,-0.025277484659311,,,,,,,,,,,,,,,
s__Gemella_haemolysans,reactor-species,B-11,0.000481978388646762,,,,,,,,,,,0.579862872532117,0.595785551341649,0.579862872532117,0.595785551341649,0.015922678809532,,,,,
s__Gemella_sanguinis,non_reactive,B-02,0.00003124257124675,0.702326669874404,0.540073610839685,,,-0.162253059034719,,,,,,,,,,,,,,,
s__Gemella_sanguinis,reactor-species,B-06,0.000142735399755384,,,,,,0.727215603009732,0.59637302421183,0.727215603009732,0.59637302421183,-0.130842578797902,,,,,,,,,,
s__Gemella_sanguinis,reactor-species,B-11,0.000433506685238048,,,,,,,,,,,0.638430577934214,0.5861254615789,0.638430577934214,0.5861254615789,-0.052305116355314,,,,,
s__Gemella_sanguinis,reactor-species,M,0.0000699593737747312,,,,,,,,,,,,,,,,0.53746077148408,0.511585425057682,0.53746077148408,0.511585425057682,-0.025875346426398
s__Gemmiger_formicilis,non_reactive,B-11,0.000417306901192426,,,,,,,,,,,0.610183223400185,0.503012673709025,,,-0.10717054969116,,,,,
s__Gemmiger_formicilis,reactor-species,M,0.00489978369771468,,,,,,,,,,,,,,,,0.734828865562811,0.494573571215234,0.734828865562811,0.494573571215234,-0.240255294347577
s__Gordonibacter_pamelaeae,non_reactive,B-06,0.000197978957008825,,,,,,0.690767090058546,0.670751246372763,,,-0.020015843685783,,,,,,,,,,
s__Gordonibacter_pamelaeae,reactor-species,B-11,0.000339710980012579,,,,,,,,,,,0.645285691037504,0.584818904501083,0.645285691037504,0.584818904501083,-0.060466786536421,,,,,
s__Gordonibacter_pamelaeae,reactor-species,M,0.000625007695289424,,,,,,,,,,,,,,,,0.47971008305053,0.5323570427206,0.47971008305053,0.5323570427206,0.0526469596700701
s__Granulicatella_elegans,reactor-species,B-06,0.00021896375754985,,,,,,0.729417922962694,0.586513369592757,0.729417922962694,0.586513369592757,-0.142904553369937,,,,,,,,,,
s__Granulicatella_elegans,reactor-species,B-11,0.000284929367882657,,,,,,,,,,,0.636731485226697,0.564027105420606,0.636731485226697,0.564027105420606,-0.072704379806091,,,,,
s__Haemophilus_haemolyticus,non_reactive,B-02,0.0000500510713172117,0.688566320853524,0.432539682539683,,,-0.256026638313841,,,,,,,,,,,,,,,
s__Haemophilus_haemolyticus,non_reactive,B-06,0.000144846798501624,,,,,,0.708367558426326,0.556358728502703,,,-0.152008829923623,,,,,,,,,,
s__Haemophilus_parainfluenzae,non_reactive,B-06,0.000634142263213484,,,,,,0.713955770843963,0.599094022623821,,,-0.114861748220142,,,,,,,,,,
s__Haemophilus_parainfluenzae,reactor-species,B-02,0.000961785523627012,0.678618005936696,0.623300949302209,0.678618005936696,0.623300949302209,-0.0553170566344869,,,,,,,,,,,,,,,
s__Haemophilus_parainfluenzae,reactor-species,B-11,0.000532887022320219,,,,,,,,,,,0.649528785022959,0.573739876017571,0.649528785022959,0.573739876017571,-0.0757889090053879,,,,,
s__Haemophilus_parainfluenzae,reactor-species,M,0.000257094311057164,,,,,,,,,,,,,,,,0.516355524508294,0.512266948845559,0.516355524508294,0.512266948845559,-0.00408857566273502
s__Haemophilus_sp_HMSC71H05,non_reactive,B-11,0.000178682109447337,,,,,,,,,,,0.6295366467159,0.577978640017913,,,-0.0515580066979871,,,,,
s__Haemophilus_sp_HMSC71H05,reactor-species,B-02,0.000538391909219588,0.704771116954635,0.581422800964305,0.704771116954635,0.581422800964305,-0.12334831599033,,,,,,,,,,,,,,,
s__Haemophilus_sp_HMSC71H05,reactor-species,M,0.0000556028899056496,,,,,,,,,,,,,,,,0.517913882870177,0.510042040168176,0.517913882870177,0.510042040168176,-0.00787184270200103
s__Haemophilus_sputorum,reactor-species,B-11,0.0000545640290705705,,,,,,,,,,,0.641302714789738,0.531706071769282,0.641302714789738,0.531706071769282,-0.109596643020456,,,,,
s__Holdemanella_biformis,non_reactive,B-11,0.000295631553295318,,,,,,,,,,,0.615679885657743,0.507586692241686,,,-0.108093193416057,,,,,
s__Holdemanella_biformis,reactor-species,M,0.000524249900131285,,,,,,,,,,,,,,,,0.56001514159053,0.423762959442134,0.56001514159053,0.423762959442134,-0.136252182148396
s__Holdemania_filiformis,reactor-species,M,0.0000986585305616016,,,,,,,,,,,,,,,,0.573182862413938,0.461745210698305,0.573182862413938,0.461745210698305,-0.111437651715633
s__Hungatella_hathewayi,reactor-species,B-11,0.000991885738791949,,,,,,,,,,,0.635493108180528,0.544852251028392,0.635493108180528,0.544852251028392,-0.090640857152136,,,,,
s__Hungatella_hathewayi,reactor-species,M,0.000179604516089921,,,,,,,,,,,,,,,,0.492878113181717,0.540907913896391,0.492878113181717,0.540907913896391,0.0480298007146741
s__Intestinibacter_bartlettii,non_reactive,B-06,0.000843025403804708,,,,,,0.723549652399051,0.641200423488599,,,-0.0823492289104521,,,,,,,,,,
s__Intestinibacter_bartlettii,reactor-species,B-11,0.00428336331526352,,,,,,,,,,,0.613296526340005,0.608564121867789,0.613296526340005,0.608564121867789,-0.00473240447221601,,,,,
s__Intestinibacter_bartlettii,reactor-species,M,0.00365102165096568,,,,,,,,,,,,,,,,0.504,0.528574883216184,0.504,0.528574883216184,0.024574883216184
s__Intestinimonas_butyriciproducens,non_reactive,B-11,0.000244009247187187,,,,,,,,,,,0.610303174457986,0.504934383172619,,,-0.105368791285367,,,,,
s__Intestinimonas_butyriciproducens,reactor-species,M,0.000670096998523271,,,,,,,,,,,,,,,,0.551077530388748,0.500291897521888,0.551077530388748,0.500291897521888,-0.05078563286686
s__Klebsiella_michiganensis,non_reactive,B-02,0.00174569974787279,0.682528019881961,0.590824272668899,,,-0.091703747213062,,,,,,,,,,,,,,,
s__Klebsiella_oxytoca,non_reactive,B-06,0.000320601567942472,,,,,,0.717179077427906,0.667562706730573,,,-0.0496163706973329,,,,,,,,,,
s__Klebsiella_oxytoca,non_reactive,B-11,0.00018292642965843,,,,,,,,,,,0.606503021928312,0.611858388982004,,,0.005355367053692,,,,,
s__Klebsiella_pneumoniae,non_reactive,B-02,0.0059610466182671,0.676014187030376,0.586185788507364,,,-0.0898283985230119,,,,,,,,,,,,,,,
s__Klebsiella_pneumoniae,non_reactive,B-06,0.000554143262151353,,,,,,0.701267911281598,0.651800089044781,,,-0.049467822236817,,,,,,,,,,
s__Klebsiella_quasipneumoniae,non_reactive,B-02,0.000651613908149426,0.675237025379255,0.593650793650794,,,-0.081586231728461,,,,,,,,,,,,,,,
s__Klebsiella_quasipneumoniae,non_reactive,B-06,0.00006781505953985,,,,,,0.697255403335245,0.658361698791476,,,-0.0388937045437691,,,,,,,,,,
s__Klebsiella_variicola,non_reactive,B-02,0.00841881616737294,0.676014187030376,0.586185788507364,,,-0.0898283985230119,,,,,,,,,,,,,,,
s__Klebsiella_variicola,non_reactive,B-06,0.000791588823640567,,,,,,0.695436243439193,0.67362097116884,,,-0.021815272270353,,,,,,,,,,
s__Lachnospira_pectinoschiza,reactor-species,B-11,0.0180632756079965,,,,,,,,,,,0.635770159613216,0.526061776384021,0.635770159613216,0.526061776384021,-0.109708383229195,,,,,
s__Lachnospira_pectinoschiza,reactor-species,M,0.00707516735230329,,,,,,,,,,,,,,,,0.623787747554985,0.451857388640959,0.623787747554985,0.451857388640959,-0.171930358914026
s__Lactobacillus_fermentum,reactor-species,B-11,0.00156685042368339,,,,,,,,,,,0.598109634623143,0.594293042756567,0.598109634623143,0.594293042756567,-0.00381659186657601,,,,,
s__Lactobacillus_gasseri,non_reactive,B-02,0.00177381131656746,0.693509880810053,0.591436350341425,,,-0.102073530468628,,,,,,,,,,,,,,,
s__Lactobacillus_paragasseri,non_reactive,B-02,0.00176090506547309,0.680657925966163,0.643464101174183,,,-0.0371938247919801,,,,,,,,,,,,,,,
s__Lactobacillus_paragasseri,non_reactive,B-06,0.00395001123381209,,,,,,0.70006108358226,0.704204153334588,,,0.00414306975232792,,,,,,,,,,
s__Lactobacillus_paragasseri,non_reactive,M,0.0000459766568544231,,,,,,,,,,,,,,,,0.527797015164547,0.512922725167091,,,-0.014874289997456
s__Lactobacillus_rhamnosus,non_reactive,B-02,0.00285934170587025,0.636620373683044,0.704362960840994,,,0.06774258715795,,,,,,,,,,,,,,,
s__Lactobacillus_rhamnosus,non_reactive,B-06,0.00162310044307763,,,,,,0.685950234735201,0.698080945611099,,,0.012130710875898,,,,,,,,,,
s__Lactobacillus_rhamnosus,non_reactive,B-11,0.000141083756791308,,,,,,,,,,,0.617695821126219,0.446410836288993,,,-0.171284984837226,,,,,
s__Lactobacillus_rogosae,reactor-species,B-11,0.000755137963572204,,,,,,,,,,,0.639020794797745,0.456710529438126,0.639020794797745,0.456710529438126,-0.182310265359619,,,,,
s__Lactobacillus_rogosae,reactor-species,M,0.000227065850208342,,,,,,,,,,,,,,,,0.60370701897041,0.424128704097239,0.60370701897041,0.424128704097239,-0.179578314873171
s__Lactobacillus_sakei,non_reactive,M,0.000344106756940937,,,,,,,,,,,,,,,,0.491370388211234,0.600896043615366,,,0.109525655404132
s__Lactococcus_lactis,reactor-species,M,0.000552652121465356,,,,,,,,,,,,,,,,0.562882938249333,0.481932920821463,0.562882938249333,0.481932920821463,-0.08095001742787
s__Lawsonibacter_asaccharolyticus,reactor-species,M,0.000276892309735691,,,,,,,,,,,,,,,,0.620760376145352,0.461611584641033,0.620760376145352,0.461611584641033,-0.159148791504319
s__Massiliomicrobiota_timonensis,non_reactive,M,0.000235967008316686,,,,,,,,,,,,,,,,0.523976905955848,0.511729192982788,,,-0.01224771297306
s__Megamonas_funiformis,non_reactive,B-11,0.000445372214741378,,,,,,,,,,,0.615228108033616,0.450105027609281,,,-0.165123080424335,,,,,
s__Megamonas_funiformis,non_reactive,M,0.00165380272079469,,,,,,,,,,,,,,,,0.540553157933976,0.412639309991258,,,-0.127913847942718
s__Megamonas_hypermegale,reactor-species,M,0.000582335308531853,,,,,,,,,,,,,,,,0.544738339296247,0.417013854439585,0.544738339296247,0.417013854439585,-0.127724484856662
s__Megasphaera_micronuciformis,non_reactive,B-06,0.00104083076588793,,,,,,0.707927250659433,0.575950514447984,,,-0.131976736211449,,,,,,,,,,
s__Megasphaera_micronuciformis,non_reactive,B-11,0.00344806775262604,,,,,,,,,,,0.631310168929193,0.568637201140874,,,-0.062672967788319,,,,,
s__Methanobrevibacter_smithii,reactor-species,M,0.00497790534370358,,,,,,,,,,,,,,,,0.557492244582418,0.446300675315922,0.557492244582418,0.446300675315922,-0.111191569266496
s__Monoglobus_pectinilyticus,non_reactive,M,0.000688268757687046,,,,,,,,,,,,,,,,0.5333677482381,0.49216802058959,,,-0.0411997276485099
s__Negativicoccus_succinicivorans,non_reactive,B-02,0.0000390841306006932,0.674477042237939,0.753846153846154,,,0.079369111608215,,,,,,,,,,,,,,,
s__Odoribacter_splanchnicus,reactor-species,B-11,0.00114848461826878,,,,,,,,,,,0.610143938014023,0.430445557421187,0.610143938014023,0.430445557421187,-0.179698380592836,,,,,
s__Odoribacter_splanchnicus,reactor-species,M,0.00222515141757296,,,,,,,,,,,,,,,,0.724137931034483,0.511431452965274,0.724137931034483,0.511431452965274,-0.212706478069209
s__Oscillibacter_sp_57_20,reactor-species,M,0.0021376659466074,,,,,,,,,,,,,,,,0.602566337575881,0.457298353126037,0.602566337575881,0.457298353126037,-0.145267984449844
s__Oscillibacter_sp_CAG_241,reactor-species,M,0.00226814145621027,,,,,,,,,,,,,,,,0.641606679265749,0.446946302207884,0.641606679265749,0.446946302207884,-0.194660377057865
s__Parabacteroides_distasonis,non_reactive,B-02,0.000486204785891984,0.636723719939646,0.685972500837879,,,0.0492487808982329,,,,,,,,,,,,,,,
s__Parabacteroides_distasonis,non_reactive,B-06,0.000639071551682239,,,,,,0.707089835616543,0.629882424139483,,,-0.07720741147706,,,,,,,,,,
s__Parabacteroides_distasonis,reactor-species,B-11,0.0042850517598041,,,,,,,,,,,0.618533098091058,0.540305679150783,0.618533098091058,0.540305679150783,-0.0782274189402751,,,,,
s__Parabacteroides_distasonis,reactor-species,M,0.00981807061742417,,,,,,,,,,,,,,,,0.708860759493671,0.501942870475837,0.708860759493671,0.501942870475837,-0.206917889017834
s__Parabacteroides_merdae,non_reactive,B-06,0.0021631017744296,,,,,,0.712700666962066,0.610991123850646,,,-0.10170954311142,,,,,,,,,,
s__Parabacteroides_merdae,reactor-species,B-11,0.00233076713842358,,,,,,,,,,,0.625859341060689,0.501464632268148,0.625859341060689,0.501464632268148,-0.124394708792541,,,,,
s__Parabacteroides_merdae,reactor-species,M,0.0131278789057448,,,,,,,,,,,,,,,,0.618517119613383,0.463320636147182,0.618517119613383,0.463320636147182,-0.155196483466201
s__Paraprevotella_clara,reactor-species,M,0.0000855450323088906,,,,,,,,,,,,,,,,0.53793094476296,0.385674019252521,0.53793094476296,0.385674019252521,-0.152256925510439
s__Paraprevotella_xylaniphila,reactor-species,M,0.00079940548274188,,,,,,,,,,,,,,,,0.560433031320087,0.445991817390659,0.560433031320087,0.445991817390659,-0.114441213929428
s__Parascardovia_denticolens,non_reactive,B-02,0.000380470211377524,0.677372568338307,0.615776397515528,,,-0.0615961708227789,,,,,,,,,,,,,,,
s__Parasutterella_excrementihominis,non_reactive,B-11,0.000204998055199099,,,,,,,,,,,0.613281281819814,0.61429847810877,,,0.00101719628895602,,,,,
s__Parasutterella_excrementihominis,reactor-species,M,0.000689946788269146,,,,,,,,,,,,,,,,0.570121306636081,0.481296607826405,0.570121306636081,0.481296607826405,-0.088824698809676
s__Peptoniphilus_harei,non_reactive,B-02,0.000479481843248746,0.65334776739052,0.636363636363636,,,-0.016984131026884,,,,,,,,,,,,,,,
s__Peptostreptococcus_anaerobius,non_reactive,M,0.0000406836097713779,,,,,,,,,,,,,,,,0.52422408684813,0.47557044859359,,,-0.0486536382545401
s__Phascolarctobacterium_faecium,non_reactive,M,0.00100015111252357,,,,,,,,,,,,,,,,0.53039314120017,0.500748718803798,,,-0.029644422396372
s__Phascolarctobacterium_succinatutens,reactor-species,B-11,0.000225450862778189,,,,,,,,,,,0.620085696375272,0.23786279366066,0.620085696375272,0.23786279366066,-0.382222902714612,,,,,
s__Phascolarctobacterium_succinatutens,reactor-species,M,0.00516335534492827,,,,,,,,,,,,,,,,0.555754301889741,0.431314156633898,0.555754301889741,0.431314156633898,-0.124440145255843
s__Prevotella_bivia,non_reactive,B-02,0.0000210007639758651,0.686765922894432,0.608974702115427,,,-0.0777912207790049,,,,,,,,,,,,,,,
s__Prevotella_copri,non_reactive,B-06,0.000831519693619651,,,,,,0.711952613819591,0.514756577014204,,,-0.197196036805387,,,,,,,,,,
s__Prevotella_copri,reactor-species,B-11,0.029312694019358,,,,,,,,,,,0.623421817028801,0.534552742347895,0.623421817028801,0.534552742347895,-0.088869074680906,,,,,
s__Prevotella_copri,reactor-species,M,0.0599876079858428,,,,,,,,,,,,,,,,0.563009641949088,0.440643489344784,0.563009641949088,0.440643489344784,-0.122366152604304
s__Prevotella_sp_CAG_279,non_reactive,M,0.00251859615243332,,,,,,,,,,,,,,,,0.534395456328978,0.46460896342849,,,-0.069786492900488
s__Pseudoflavonifractor_sp_An184,non_reactive,M,0.00022602312338572,,,,,,,,,,,,,,,,0.524601468262913,0.529538091254739,,,0.00493662299182607
s__Romboutsia_ilealis,reactor-species,M,0.0000703081002948797,,,,,,,,,,,,,,,,0.566244033452703,0.503203184706615,0.566244033452703,0.503203184706615,-0.0630408487460881
s__Roseburia_faecis,non_reactive,B-11,0.0251543394244608,,,,,,,,,,,0.6007536982762,0.566869851913085,,,-0.0338838463631149,,,,,
s__Roseburia_faecis,reactor-species,B-06,0.000288054537938289,,,,,,0.70973612991832,0.475758142259061,0.70973612991832,0.475758142259061,-0.233977987659259,,,,,,,,,,
s__Roseburia_faecis,reactor-species,M,0.0630941708621977,,,,,,,,,,,,,,,,0.647899521301167,0.498769424674857,0.647899521301167,0.498769424674857,-0.14913009662631
s__Roseburia_hominis,non_reactive,B-11,0.000432526110917235,,,,,,,,,,,0.614822828950376,0.478743838311439,,,-0.136078990638937,,,,,
s__Roseburia_hominis,reactor-species,M,0.00500716729675564,,,,,,,,,,,,,,,,0.641302280088154,0.472414148196673,0.641302280088154,0.472414148196673,-0.168888131891481
s__Roseburia_intestinalis,non_reactive,B-11,0.00774741326887583,,,,,,,,,,,0.603127919111584,0.567045197179749,,,-0.036082721931835,,,,,
s__Roseburia_intestinalis,reactor-species,M,0.00792257279626402,,,,,,,,,,,,,,,,0.581077637554336,0.493314002188001,0.581077637554336,0.493314002188001,-0.087763635366335
s__Roseburia_inulinivorans,reactor-species,B-11,0.00313578964473656,,,,,,,,,,,0.608459001176026,0.547151942998761,0.608459001176026,0.547151942998761,-0.061307058177265,,,,,
s__Roseburia_inulinivorans,reactor-species,M,0.00555060406097074,,,,,,,,,,,,,,,,0.669087977958734,0.498292747863632,0.669087977958734,0.498292747863632,-0.170795230095102
s__Roseburia_sp_CAG_182,reactor-species,M,0.00156039925720008,,,,,,,,,,,,,,,,0.572251590582292,0.436252914276918,0.572251590582292,0.436252914276918,-0.135998676305374
s__Roseburia_sp_CAG_309,reactor-species,M,0.000261928144009717,,,,,,,,,,,,,,,,0.545697531343836,0.463162039902155,0.545697531343836,0.463162039902155,-0.0825354914416811
s__Rothia_mucilaginosa,non_reactive,B-02,0.000329278038591602,0.712119529968729,0.616235880971187,,,-0.095883648997542,,,,,,,,,,,,,,,
s__Rothia_mucilaginosa,non_reactive,B-06,0.000235257458008407,,,,,,0.737168112197179,0.630960467713646,,,-0.106207644483533,,,,,,,,,,
s__Rothia_mucilaginosa,non_reactive,B-11,0.000137550207907431,,,,,,,,,,,0.631760942532848,0.589504866486156,,,-0.042256076046692,,,,,
s__Ruminococcus_bicirculans,reactor-species,B-06,0.0000889492324587162,,,,,,0.710731408091159,0.441136148614147,0.710731408091159,0.441136148614147,-0.269595259477012,,,,,,,,,,
s__Ruminococcus_bicirculans,reactor-species,B-11,0.00351015725444273,,,,,,,,,,,0.607853965867989,0.502311132060447,0.607853965867989,0.502311132060447,-0.105542833807542,,,,,
s__Ruminococcus_bicirculans,reactor-species,M,0.0258686161303196,,,,,,,,,,,,,,,,0.648313977302199,0.490907259181939,0.648313977302199,0.490907259181939,-0.15740671812026
s__Ruminococcus_bromii,non_reactive,B-11,0.013289134845166,,,,,,,,,,,0.630393955251201,0.561789852272445,,,-0.068604102978756,,,,,
s__Ruminococcus_bromii,reactor-species,B-06,0.000905600318846241,,,,,,0.720551832622542,0.45142181762881,0.720551832622542,0.45142181762881,-0.269130014993732,,,,,,,,,,
s__Ruminococcus_bromii,reactor-species,M,0.0558646385072925,,,,,,,,,,,,,,,,0.594541096897691,0.480973064389103,0.594541096897691,0.480973064389103,-0.113568032508588
s__Ruminococcus_callidus,reactor-species,M,0.000382763609610066,,,,,,,,,,,,,,,,0.552213552630287,0.441605695917997,0.552213552630287,0.441605695917997,-0.11060785671229
s__Ruminococcus_gnavus,non_reactive,B-02,0.0215385712813766,0.637016975827554,0.69113053860339,,,0.054113562775836,,,,,,,,,,,,,,,
s__Ruminococcus_gnavus,reactor-species,B-06,0.0395772853752779,,,,,,0.715571026278702,0.614219174363584,0.715571026278702,0.614219174363584,-0.101351851915118,,,,,,,,,,
s__Ruminococcus_gnavus,reactor-species,B-11,0.0397682475836901,,,,,,,,,,,0.555555555555556,0.610385713910968,0.555555555555556,0.610385713910968,0.0548301583554119,,,,,
s__Ruminococcus_gnavus,reactor-species,M,0.0107067500893241,,,,,,,,,,,,,,,,0.421652106804507,0.54355139191126,0.421652106804507,0.54355139191126,0.121899285106753
s__Ruminococcus_lactaris,non_reactive,B-11,0.00326811495811208,,,,,,,,,,,0.6298626325673,0.510974515430025,,,-0.118888117137275,,,,,
s__Ruminococcus_lactaris,reactor-species,M,0.00190613570639359,,,,,,,,,,,,,,,,0.551103344648158,0.440063921198513,0.551103344648158,0.440063921198513,-0.111039423449645
s__Ruminococcus_sp_CAG_330,reactor-species,M,0.00233425793278772,,,,,,,,,,,,,,,,0.544698021977909,0.376947344941386,0.544698021977909,0.376947344941386,-0.167750677036523
s__Ruminococcus_torques,reactor-species,B-06,0.0000326358460126293,,,,,,0.709508696393177,0.459288276049731,0.709508696393177,0.459288276049731,-0.250220420343446,,,,,,,,,,
s__Ruminococcus_torques,reactor-species,B-11,0.00954120572457084,,,,,,,,,,,0.625285117737767,0.505215015151921,0.625285117737767,0.505215015151921,-0.120070102585846,,,,,
s__Ruminococcus_torques,reactor-species,M,0.0188062929627189,,,,,,,,,,,,,,,,0.711048088775448,0.480915896528797,0.711048088775448,0.480915896528797,-0.230132192246651
s__Ruthenibacterium_lactatiformans,non_reactive,B-06,0.000780026594177409,,,,,,0.699882779518461,0.577934215561867,,,-0.121948563956594,,,,,,,,,,
s__Ruthenibacterium_lactatiformans,non_reactive,B-11,0.000423053995066777,,,,,,,,,,,0.602822363892654,0.535771935846707,,,-0.067050428045947,,,,,
s__Ruthenibacterium_lactatiformans,reactor-species,M,0.00121056786094819,,,,,,,,,,,,,,,,0.686046511627907,0.504212417096707,0.686046511627907,0.504212417096707,-0.1818340945312
s__Scardovia_wiggsiae,non_reactive,B-02,0.000599291876273797,0.67537643586575,0.648290115948085,,,-0.027086319917665,,,,,,,,,,,,,,,
s__Sellimonas_intestinalis,non_reactive,B-11,0.000917222837252168,,,,,,,,,,,0.616474807554564,0.585515948198324,,,-0.03095885935624,,,,,
s__Sellimonas_intestinalis,non_reactive,M,0.000930661311092804,,,,,,,,,,,,,,,,0.520345970217666,0.519951164797331,,,-0.000394805420335098
s__Slackia_isoflavoniconvertens,non_reactive,B-02,0.000388474785226997,0.641538023779884,0.630725863284003,,,-0.010812160495881,,,,,,,,,,,,,,,
s__Slackia_isoflavoniconvertens,non_reactive,B-06,0.000690249758003627,,,,,,0.70437420378062,0.609158783314622,,,-0.095215420465998,,,,,,,,,,
s__Slackia_isoflavoniconvertens,non_reactive,B-11,0.00013339001981262,,,,,,,,,,,0.619121730133141,0.380994133693336,,,-0.238127596439805,,,,,
s__Slackia_isoflavoniconvertens,reactor-species,M,0.00132128680472641,,,,,,,,,,,,,,,,0.5671102398166,0.452585348779777,0.5671102398166,0.452585348779777,-0.114524891036823
s__Staphylococcus_aureus,non_reactive,B-02,0.00325528705194412,0.734433521390043,0.650271090120024,,,-0.084162431270019,,,,,,,,,,,,,,,
s__Staphylococcus_aureus,non_reactive,B-06,0.000985659876277766,,,,,,0.719736810452758,0.665989272482049,,,-0.053747537970709,,,,,,,,,,
s__Staphylococcus_epidermidis,non_reactive,B-06,0.000114294091596184,,,,,,0.720824876306576,0.648322731262203,,,-0.072502145044373,,,,,,,,,,
s__Staphylococcus_epidermidis,reactor-species,B-02,0.00149714761170554,0.646813401250366,0.613751897421748,0.646813401250366,0.613751897421748,-0.0330615038286181,,,,,,,,,,,,,,,
s__Staphylococcus_hominis,non_reactive,B-02,0.00180767336212169,0.666033585849537,0.683524945753207,,,0.01749135990367,,,,,,,,,,,,,,,
s__Streptococcus_agalactiae,non_reactive,B-02,0.000225657031329531,0.683748445154997,0.39622641509434,,,-0.287522030060657,,,,,,,,,,,,,,,
s__Streptococcus_australis,reactor-species,B-11,0.0000915821602349941,,,,,,,,,,,0.641375708378361,0.57366977917005,0.641375708378361,0.57366977917005,-0.067705929208311,,,,,
s__Streptococcus_infantis,non_reactive,B-02,0.000409885896036437,0.716068071337118,0.60004800330954,,,-0.116020068027578,,,,,,,,,,,,,,,
s__Streptococcus_infantis,non_reactive,B-06,0.0000518281780195615,,,,,,0.729531699459933,0.62976727940797,,,-0.0997644200519631,,,,,,,,,,
s__Streptococcus_infantis,reactor-species,B-11,0.000171635319431789,,,,,,,,,,,0.635675067000047,0.556641116763167,0.635675067000047,0.556641116763167,-0.07903395023688,,,,,
s__Streptococcus_lutetiensis,non_reactive,B-11,0.00247493477244277,,,,,,,,,,,0.614865722594712,0.606603172486607,,,-0.00826255010810495,,,,,
s__Streptococcus_mitis,non_reactive,B-02,0.00187635305544533,0.636363636363636,0.644921361423451,,,0.008557725059815,,,,,,,,,,,,,,,
s__Streptococcus_mitis,non_reactive,B-06,0.00198997918851179,,,,,,0.809607238639497,0.686974679771246,,,-0.122632558868251,,,,,,,,,,
s__Streptococcus_mitis,reactor-species,B-11,0.00138111282089813,,,,,,,,,,,0.532728947549877,0.611590714311935,0.532728947549877,0.611590714311935,0.078861766762058,,,,,
s__Streptococcus_mitis,reactor-species,M,0.0000859697190611506,,,,,,,,,,,,,,,,0.503960906606241,0.537299652697881,0.503960906606241,0.537299652697881,0.03333874609164
s__Streptococcus_oralis,non_reactive,B-11,0.0000341054192765646,,,,,,,,,,,0.619546735473341,0.590540501858563,,,-0.0290062336147781,,,,,
s__Streptococcus_oralis,reactor-species,B-02,0.0000724234055313292,0.711894886085684,0.608096075134309,0.711894886085684,0.608096075134309,-0.103798810951375,,,,,,,,,,,,,,,
s__Streptococcus_oralis,reactor-species,B-06,0.0000625789521328262,,,,,,0.729099311825468,0.587036281099071,0.729099311825468,0.587036281099071,-0.142063030726397,,,,,,,,,,
s__Streptococcus_parasanguinis,non_reactive,B-02,0.00235075896457465,0.687359892375799,0.658790344924928,,,-0.0285695474508709,,,,,,,,,,,,,,,
s__Streptococcus_parasanguinis,non_reactive,B-06,0.00118200381131293,,,,,,0.691900572545734,0.68401140204723,,,-0.00788917049850402,,,,,,,,,,
s__Streptococcus_parasanguinis,reactor-species,B-11,0.00107762506860648,,,,,,,,,,,0.597345599296511,0.6000422985013,0.597345599296511,0.6000422985013,0.00269669920478899,,,,,
s__Streptococcus_parasanguinis,reactor-species,M,0.00073406587217466,,,,,,,,,,,,,,,,0.639344262295082,0.516436320359572,0.639344262295082,0.516436320359572,-0.12290794193551
s__Streptococcus_pasteurianus,non_reactive,B-02,0.000791216149407619,0.666976826516669,0.697222222222222,,,0.030245395705553,,,,,,,,,,,,,,,
s__Streptococcus_pasteurianus,non_reactive,B-06,0.0046760942141324,,,,,,0.713740948556673,0.620272028357471,,,-0.093468920199202,,,,,,,,,,
s__Streptococcus_pasteurianus,non_reactive,B-11,0.00117598131475596,,,,,,,,,,,0.610907927737709,0.606174098936063,,,-0.00473382880164597,,,,,
s__Streptococcus_pasteurianus,non_reactive,M,0.0000413465354334423,,,,,,,,,,,,,,,,0.535592579804913,0.389072647531474,,,-0.146519932273439
s__Streptococcus_peroris,non_reactive,B-02,0.0000982977408045912,0.688658972210236,0.577800476915913,,,-0.110858495294323,,,,,,,,,,,,,,,
s__Streptococcus_peroris,non_reactive,B-06,0.000369196035836339,,,,,,0.668851778809067,0.691230986164344,,,0.022379207355277,,,,,,,,,,
s__Streptococcus_pneumoniae,reactor-species,B-06,0.0000447350086177567,,,,,,0.708465555147886,0.613109454659335,0.708465555147886,0.613109454659335,-0.095356100488551,,,,,,,,,,
s__Streptococcus_pseudopneumoniae,non_reactive,B-02,0.0000684660881226008,0.709887239098836,0.586408653344237,,,-0.123478585754599,,,,,,,,,,,,,,,
s__Streptococcus_pseudopneumoniae,non_reactive,B-11,0.0000594291862776817,,,,,,,,,,,0.603798010964549,0.571447753881438,,,-0.032350257083111,,,,,
s__Streptococcus_pseudopneumoniae,reactor-species,B-06,0.0000606209628557202,,,,,,0.720183306920478,0.579374801185907,0.720183306920478,0.579374801185907,-0.140808505734571,,,,,,,,,,
s__Streptococcus_salivarius,non_reactive,B-02,0.00601160921782891,0.721006077256077,0.665332457976954,,,-0.0556736192791231,,,,,,,,,,,,,,,
s__Streptococcus_salivarius,non_reactive,B-06,0.00168159789591323,,,,,,0.699376485306137,0.695715564016377,,,-0.00366092128976003,,,,,,,,,,
s__Streptococcus_salivarius,non_reactive,M,0.00297218577301175,,,,,,,,,,,,,,,,,0.513263555027155,,0.513263555027155,
s__Streptococcus_salivarius,reactor-species,B-11,0.00491119198025513,,,,,,,,,,,0.596774193548387,0.607256143087169,0.596774193548387,0.607256143087169,0.010481949538782,,,,,
s__Streptococcus_sanguinis,non_reactive,M,0.0000653706852076294,,,,,,,,,,,,,,,,0.530692417287835,0.506726308025172,,,-0.023966109262663
s__Streptococcus_sp_A12,non_reactive,B-06,0.0000334917093667458,,,,,,0.703230062701025,0.686869270135342,,,-0.0163607925656829,,,,,,,,,,
s__Streptococcus_sp_A12,reactor-species,B-11,0.000101434321162454,,,,,,,,,,,0.638640486640597,0.574429264231636,0.638640486640597,0.574429264231636,-0.064211222408961,,,,,
s__Streptococcus_sp_F0442,reactor-species,B-11,0.000130419285775601,,,,,,,,,,,0.628153463428204,0.561379131508351,0.628153463428204,0.561379131508351,-0.0667743319198531,,,,,
s__Streptococcus_thermophilus,non_reactive,B-06,0.0000755178297268981,,,,,,0.711114720089834,0.621102967584195,,,-0.090011752505639,,,,,,,,,,
s__Streptococcus_thermophilus,non_reactive,B-11,0.0138963279328087,,,,,,,,,,,0.630268800344271,0.593641028978535,,,-0.036627771365736,,,,,
s__Streptococcus_thermophilus,reactor-species,M,0.0156688902321267,,,,,,,,,,,,,,,,0.607875729093247,0.510185286217634,0.607875729093247,0.510185286217634,-0.097690442875613
s__Streptococcus_vestibularis,non_reactive,B-02,0.00156170697312492,0.704421448841663,0.622422204692585,,,-0.081999244149078,,,,,,,,,,,,,,,
s__Turicibacter_sanguinis,reactor-species,M,0.000530554599396543,,,,,,,,,,,,,,,,0.570202777800228,0.490264210186108,0.570202777800228,0.490264210186108,-0.07993856761412
s__Tyzzerella_nexilis,reactor-species,B-11,0.000298715430523201,,,,,,,,,,,0.639833526252641,0.551200199465052,0.639833526252641,0.551200199465052,-0.0886333267875889,,,,,
s__Varibaculum_cambriense,non_reactive,B-02,0.00104777848061384,0.656488588614141,0.558139534883721,,,-0.09834905373042,,,,,,,,,,,,,,,
s__Varibaculum_cambriense,non_reactive,B-06,0.000505698166635327,,,,,,0.701898945585886,0.685934465905731,,,-0.0159644796801549,,,,,,,,,,
s__Varibaculum_cambriense,non_reactive,B-11,0.0000428609615848899,,,,,,,,,,,0.614846406064054,0.53689209109493,,,-0.0779543149691241,,,,,
s__Veillonella_atypica,non_reactive,B-02,0.00330586651507443,0.736655321391575,0.622623176483098,,,-0.114032144908477,,,,,,,,,,,,,,,
s__Veillonella_atypica,non_reactive,B-06,0.0029381708204992,,,,,,0.698764297512184,0.641881552674723,,,-0.056882744837461,,,,,,,,,,
s__Veillonella_atypica,reactor-species,B-11,0.00942738077345515,,,,,,,,,,,0.633683421971597,0.605417083001381,0.633683421971597,0.605417083001381,-0.028266338970216,,,,,
s__Veillonella_atypica,reactor-species,M,0.000245341191506815,,,,,,,,,,,,,,,,0.463205675511449,0.580336252081067,0.463205675511449,0.580336252081067,0.117130576569618
s__Veillonella_dispar,non_reactive,B-06,0.00238246520401746,,,,,,0.725147076202926,0.607949837583155,,,-0.117197238619771,,,,,,,,,,
s__Veillonella_dispar,non_reactive,M,0.000164405564191965,,,,,,,,,,,,,,,,0.520057384684661,0.515573162565474,,,-0.00448422211918698
s__Veillonella_dispar,reactor-species,B-02,0.00147375222100224,0.747069674431871,0.61313319210753,0.747069674431871,0.61313319210753,-0.133936482324341,,,,,,,,,,,,,,,
s__Veillonella_dispar,reactor-species,B-11,0.0018161803019486,,,,,,,,,,,0.605224424017565,0.590915638047664,0.605224424017565,0.590915638047664,-0.014308785969901,,,,,
s__Veillonella_infantium,non_reactive,B-06,0.000631594858607599,,,,,,0.715973865654965,0.583583804966411,,,-0.132390060688554,,,,,,,,,,
s__Veillonella_infantium,non_reactive,M,0.0000733534150549879,,,,,,,,,,,,,,,,0.519055425412221,0.49075762882044,,,-0.0282977965917811
s__Veillonella_infantium,reactor-species,B-02,0.000386125128015564,0.716872536577769,0.602404681117375,0.716872536577769,0.602404681117375,-0.114467855460394,,,,,,,,,,,,,,,
s__Veillonella_infantium,reactor-species,B-11,0.00100711365183913,,,,,,,,,,,0.602922344023028,0.593535649557131,0.602922344023028,0.593535649557131,-0.00938669446589702,,,,,
s__Veillonella_parvula,non_reactive,B-02,0.0151804269731879,0.654197718315365,0.658308157084949,,,0.00411043876958406,,,,,,,,,,,,,,,
s__Veillonella_parvula,reactor-species,B-06,0.0364767629284306,,,,,,0.672077207133076,0.675585943094825,0.672077207133076,0.675585943094825,0.00350873596174905,,,,,,,,,,
s__Veillonella_parvula,reactor-species,B-11,0.0207029816796253,,,,,,,,,,,0.582353491306815,0.613610028375915,0.582353491306815,0.613610028375915,0.0312565370691,,,,,
s__Veillonella_parvula,reactor-species,M,0.00394451472415556,,,,,,,,,,,,,,,,0.472261107721364,0.559732764615157,0.472261107721364,0.559732764615157,0.087471656893793
s__Veillonella_rogosae,reactor-species,B-11,0.000147535819777959,,,,,,,,,,,0.633220245448508,0.567430393861127,0.633220245448508,0.567430393861127,-0.0657898515873809,,,,,
s__Veillonella_sp_CAG_933,non_reactive,B-06,0.00151149909137388,,,,,,0.709602862032223,0.642974873211908,,,-0.066627988820315,,,,,,,,,,
s__Veillonella_sp_CAG_933,non_reactive,B-11,0.00936554947020222,,,,,,,,,,,0.629501912148038,0.569645677421711,,,-0.059856234726327,,,,,
s__Veillonella_sp_T11011_6,reactor-species,B-02,0.0000652620101070112,0.703946952575424,0.572590061194566,0.703946952575424,0.572590061194566,-0.131356891380858,,,,,,,,,,,,,,,
s__Veillonella_sp_T11011_6,reactor-species,B-06,0.000448896292142787,,,,,,0.715665239760122,0.566162767321343,0.715665239760122,0.566162767321343,-0.149502472438779,,,,,,,,,,
s__Veillonella_sp_T11011_6,reactor-species,B-11,0.000166787568869426,,,,,,,,,,,0.651594290237991,0.56976477646255,0.651594290237991,0.56976477646255,-0.081829513775441,,,,,
s__Veillonella_tobetsuensis,non_reactive,B-11,0.000443889748830326,,,,,,,,,,,0.619907494851557,0.547720841906652,,,-0.072186652944905,,,,,
